raul_matched,prog_H_error_mean,prog_H_error_std,prog_Q_error_mean,prog_Q_error_std
arges,18.702380952380953,55.68774407715664,6.3926944444444445,21.585551209426765
vedea,9.922619047619047,46.90928053258883,2.1482777777777775,10.237039419368577
